R,G,B,SKIN
232,166,140,1
232,166,140,1
231,165,139,1
230,164,138,1
225,159,133,1
224,158,132,1
224,158,132,1
228,162,136,1
234,168,142,1
236,170,144,1
233,167,141,1
228,162,136,1
227,160,134,1
226,159,133,1
223,156,130,1
222,155,129,1
222,155,129,1
224,157,131,1
226,159,133,1
228,161,135,1
225,158,132,1
226,159,133,1
228,161,135,1
228,161,135,1
227,160,134,1
227,160,134,1
228,161,135,1
230,163,136,1
226,157,128,1
226,157,126,1
226,157,126,1
226,157,126,1
226,157,126,1
225,156,125,1
224,155,124,1
223,154,123,1
222,153,122,1
222,153,122,1
222,153,122,1
222,153,122,1
223,154,123,1
224,155,124,1
225,156,125,1
226,157,126,1
228,159,126,1
227,158,125,1
226,157,124,1
225,156,123,1
224,155,122,1
223,154,121,1
222,153,120,1
222,153,120,1
220,151,118,1
220,151,118,1
221,152,119,1
221,152,119,1
221,152,119,1
222,153,120,1
222,153,120,1
222,153,120,1
218,152,120,1
217,152,120,1
219,153,121,1
218,153,121,1
219,154,122,1
219,154,122,1
219,154,122,1
220,155,123,1
220,155,123,1
220,155,123,1
220,155,123,1
220,155,123,1
218,155,122,1
217,154,121,1
216,153,120,1
216,153,120,1
217,151,119,1
217,151,119,1
217,151,119,1
216,150,118,1
216,150,118,1
215,149,117,1
214,150,115,1
213,149,114,1
215,151,116,1
216,152,117,1
216,154,117,1
218,156,119,1
219,157,120,1
220,158,121,1
218,159,119,1
218,159,119,1
218,158,121,1
218,158,121,1
219,159,122,1
220,160,123,1
219,159,122,1
218,158,121,1
217,157,120,1
216,156,119,1
215,155,118,1
215,155,118,1
214,154,117,1
214,154,117,1
214,154,117,1
215,155,118,1
215,155,118,1
216,156,119,1
214,156,118,1
215,157,117,1
215,157,117,1
215,157,117,1
215,157,117,1
214,156,116,1
213,155,115,1
212,154,114,1
211,153,113,1
209,151,111,1
207,149,109,1
206,148,108,1
207,149,109,1
206,148,108,1
204,146,106,1
202,144,106,1
201,143,106,1
200,142,105,1
199,141,104,1
198,140,103,1
198,140,103,1
197,139,102,1
198,140,103,1
198,140,103,1
197,139,102,1
197,139,102,1
196,138,101,1
195,137,100,1
193,135,98,1
192,134,97,1
191,133,96,1
189,133,96,1
188,132,95,1
188,135,95,1
188,135,95,1
188,135,95,1
187,134,94,1
231,174,157,1
233,176,159,1
236,179,162,1
238,181,164,1
237,180,163,1
236,179,162,1
236,179,162,1
237,180,163,1
238,181,164,1
237,180,163,1
236,179,162,1
235,178,161,1
234,177,160,1
235,178,161,1
236,179,162,1
238,179,161,1
239,178,157,1
237,177,153,1
235,175,151,1
232,172,148,1
231,171,147,1
231,171,147,1
233,173,149,1
234,174,150,1
236,176,152,1
236,176,152,1
234,174,150,1
232,172,148,1
229,169,145,1
226,166,142,1
223,163,139,1
223,161,136,1
225,161,136,1
227,161,135,1
228,162,136,1
229,163,137,1
230,164,138,1
231,165,139,1
231,165,139,1
232,166,140,1
226,160,134,1
225,159,133,1
224,158,132,1
227,161,135,1
231,165,139,1
231,165,139,1
228,162,136,1
225,159,133,1
224,157,130,1
224,157,130,1
223,156,129,1
223,156,129,1
224,157,130,1
225,158,131,1
226,159,132,1
227,160,133,1
230,163,136,1
231,164,137,1
231,164,137,1
230,163,136,1
227,160,133,1
226,159,132,1
226,159,132,1
227,160,133,1
224,155,126,1
225,156,125,1
226,157,126,1
226,157,126,1
227,158,127,1
227,158,127,1
226,157,126,1
226,157,126,1
225,156,125,1
225,156,125,1
224,155,124,1
224,155,124,1
224,155,124,1
224,155,124,1
225,156,125,1
225,156,125,1
227,158,125,1
227,158,125,1
226,157,124,1
225,156,123,1
224,155,122,1
223,154,121,1
222,153,120,1
221,152,119,1
222,153,120,1
222,153,120,1
222,153,120,1
222,153,120,1
223,154,121,1
223,154,121,1
223,154,121,1
223,154,121,1
220,151,120,1
218,152,120,1
220,151,120,1
218,152,120,1
219,153,121,1
219,153,121,1
219,153,121,1
219,153,121,1
220,155,123,1
219,154,122,1
218,153,121,1
217,152,120,1
215,152,119,1
214,151,118,1
214,151,118,1
214,151,118,1
216,150,118,1
216,150,118,1
215,149,117,1
214,148,116,1
213,147,115,1
211,145,113,1
210,146,111,1
209,145,110,1
210,146,111,1
212,148,113,1
213,151,114,1
216,154,117,1
218,156,119,1
220,158,121,1
218,159,119,1
219,160,120,1
220,160,123,1
219,159,123,1
219,159,123,1
219,159,123,1
218,158,122,1
217,157,121,1
217,157,121,1
216,156,120,1
215,155,119,1
215,155,119,1
214,154,118,1
214,154,118,1
214,154,118,1
214,154,118,1
215,155,119,1
216,156,119,1
212,154,116,1
212,154,116,1
213,155,117,1
213,155,117,1
212,154,116,1
211,153,115,1
210,152,114,1
210,152,114,1
210,152,114,1
208,150,112,1
206,148,110,1
205,147,109,1
206,148,110,1
205,147,109,1
203,145,107,1
201,143,105,1
199,141,104,1
199,140,106,1
198,139,105,1
197,138,104,1
197,138,104,1
197,138,104,1
198,139,105,1
198,139,105,1
197,138,104,1
196,137,103,1
196,137,103,1
195,136,102,1
193,134,100,1
192,133,99,1
192,133,99,1
189,133,96,1
189,133,96,1
188,134,96,1
188,134,96,1
187,133,95,1
187,133,95,1
235,178,161,1
237,180,163,1
239,182,165,1
239,182,165,1
238,181,164,1
238,181,164,1
239,182,165,1
241,184,167,1
239,182,165,1
237,180,163,1
234,177,160,1
232,175,158,1
233,176,159,1
235,178,161,1
239,182,165,1
241,184,165,1
236,178,156,1
236,176,152,1
232,172,148,1
229,169,145,1
227,167,143,1
227,167,143,1
228,168,144,1
229,169,145,1
236,176,152,1
236,176,152,1
235,175,151,1
235,175,151,1
234,174,150,1
233,173,149,1
232,172,148,1
232,170,147,1
234,170,145,1
234,168,142,1
233,167,141,1
231,165,139,1
231,165,139,1
231,165,139,1
231,165,139,1
232,166,140,1
235,169,143,1
233,167,141,1
231,165,139,1
230,164,138,1
231,165,139,1
229,163,137,1
225,159,133,1
222,156,130,1
223,156,129,1
223,156,127,1
224,157,130,1
225,158,129,1
226,159,132,1
227,160,131,1
227,160,133,1
227,160,131,1
232,165,138,1
233,166,137,1
233,166,139,1
230,163,134,1
227,160,133,1
225,158,129,1
225,158,131,1
226,159,130,1
223,154,123,1
224,155,124,1
226,157,126,1
227,158,127,1
228,159,128,1
228,159,128,1
228,159,128,1
228,159,128,1
227,158,127,1
227,158,127,1
226,157,126,1
225,156,125,1
224,155,124,1
224,155,124,1
224,155,124,1
225,156,125,1
223,154,121,1
223,154,121,1
223,154,121,1
223,154,121,1
224,155,122,1
224,155,122,1
224,155,122,1
224,155,122,1
226,157,124,1
225,156,123,1
225,156,123,1
223,154,121,1
222,153,120,1
221,152,119,1
220,151,118,1
220,151,118,1
218,149,118,1
218,149,118,1
219,148,118,1
218,149,118,1
218,149,118,1
216,150,118,1
216,150,118,1
216,150,118,1
221,155,123,1
219,154,122,1
217,152,120,1
215,150,118,1
212,149,116,1
212,149,116,1
213,150,117,1
214,151,118,1
215,149,117,1
215,149,117,1
214,148,116,1
213,147,115,1
212,146,114,1
212,146,114,1
210,146,111,1
210,146,111,1
211,147,112,1
212,148,113,1
213,151,114,1
216,154,117,1
218,156,119,1
219,157,120,1
218,159,119,1
218,159,119,1
216,156,120,1
216,156,120,1
215,155,119,1
215,155,119,1
215,155,119,1
216,156,120,1
217,157,121,1
217,157,121,1
217,157,121,1
216,156,120,1
215,155,119,1
214,154,118,1
213,153,117,1
213,153,117,1
213,153,117,1
213,153,117,1
208,150,112,1
209,151,113,1
209,151,113,1
209,151,113,1
209,151,113,1
208,150,112,1
207,149,111,1
206,148,110,1
208,150,112,1
207,149,111,1
205,147,109,1
205,147,109,1
205,147,109,1
205,147,109,1
203,145,107,1
201,143,105,1
201,142,108,1
200,141,107,1
199,140,106,1
199,140,106,1
199,140,106,1
199,140,106,1
200,141,107,1
200,141,107,1
196,137,103,1
195,136,102,1
195,136,102,1
194,135,101,1
194,135,101,1
193,134,100,1
193,134,100,1
190,134,99,1
190,134,99,1
189,135,97,1
188,134,98,1
187,133,95,1
186,132,96,1
240,184,167,1
239,183,166,1
238,182,165,1
235,179,162,1
233,177,160,1
234,178,161,1
238,182,165,1
241,185,168,1
238,182,165,1
235,179,162,1
231,175,158,1
228,172,155,1
228,172,155,1
230,174,157,1
233,177,160,1
237,180,161,1
238,180,160,1
236,178,156,1
233,175,153,1
229,171,149,1
227,169,147,1
226,168,146,1
226,168,146,1
227,169,147,1
231,173,151,1
231,173,151,1
230,172,150,1
230,172,150,1
230,172,150,1
230,172,150,1
231,173,151,1
233,173,149,1
233,169,144,1
232,166,142,1
230,164,140,1
228,162,138,1
227,161,137,1
228,162,138,1
229,163,139,1
230,164,140,1
236,170,146,1
235,169,145,1
233,167,143,1
232,166,142,1
231,165,141,1
229,163,139,1
226,160,136,1
224,158,132,1
224,157,128,1
225,159,127,1
226,159,130,1
227,161,129,1
228,161,132,1
228,162,130,1
227,160,131,1
227,161,129,1
221,154,125,1
222,156,124,1
224,157,128,1
225,159,127,1
225,158,129,1
225,159,127,1
227,160,131,1
229,163,131,1
225,156,125,1
225,156,125,1
227,158,127,1
228,159,128,1
229,160,129,1
229,160,129,1
229,160,129,1
228,159,128,1
228,159,128,1
227,158,127,1
226,157,126,1
225,156,125,1
224,155,124,1
224,155,124,1
224,155,124,1
224,155,124,1
222,153,120,1
222,153,120,1
222,153,120,1
222,153,120,1
223,154,121,1
223,154,121,1
223,154,121,1
223,154,121,1
222,153,120,1
222,153,120,1
221,152,119,1
220,151,118,1
219,150,117,1
218,149,116,1
217,148,115,1
216,147,114,1
217,146,116,1
217,146,116,1
219,145,116,1
217,146,116,1
217,146,116,1
215,146,115,1
215,146,115,1
213,147,115,1
221,155,123,1
219,153,121,1
216,151,119,1
214,149,117,1
214,149,117,1
214,149,117,1
213,150,117,1
214,151,118,1
214,148,116,1
214,148,116,1
214,148,116,1
215,149,117,1
215,149,117,1
215,149,117,1
214,150,115,1
214,150,115,1
214,150,115,1
215,151,116,1
215,153,116,1
217,155,118,1
218,156,119,1
218,156,119,1
216,157,117,1
216,157,117,1
213,155,118,1
213,155,118,1
213,155,118,1
213,155,118,1
215,157,120,1
216,158,121,1
218,160,123,1
219,161,124,1
219,161,124,1
217,159,122,1
215,157,120,1
213,155,118,1
211,153,116,1
210,152,115,1
209,151,114,1
208,150,113,1
212,154,116,1
212,154,116,1
213,155,117,1
213,155,117,1
212,154,116,1
211,153,115,1
210,152,114,1
210,152,114,1
208,150,112,1
206,148,110,1
204,146,108,1
204,146,108,1
205,147,109,1
205,147,109,1
204,146,108,1
202,144,106,1
200,141,107,1
200,141,107,1
199,140,106,1
198,139,105,1
198,139,105,1
198,139,105,1
198,139,105,1
199,140,106,1
194,135,101,1
194,135,101,1
194,135,101,1
194,135,101,1
194,135,101,1
194,135,101,1
194,135,101,1
192,136,101,1
192,136,101,1
189,135,99,1
188,134,100,1
186,132,96,1
185,131,97,1
248,192,175,1
246,190,173,1
243,187,170,1
238,182,165,1
235,179,162,1
237,181,164,1
241,185,168,1
245,189,172,1
251,195,178,1
248,192,175,1
243,187,170,1
239,183,166,1
236,180,163,1
235,179,162,1
236,180,163,1
236,181,161,1
238,181,161,1
238,180,158,1
236,178,156,1
235,177,155,1
233,175,153,1
232,174,152,1
231,173,151,1
231,173,151,1
229,171,149,1
228,170,148,1
227,169,147,1
225,167,145,1
224,166,144,1
224,166,144,1
223,165,143,1
226,166,142,1
229,164,142,1
229,163,139,1
228,162,138,1
228,162,138,1
228,162,138,1
230,164,140,1
231,165,141,1
232,166,142,1
230,164,140,1
230,164,140,1
230,164,140,1
230,164,140,1
230,164,140,1
230,164,140,1
229,163,139,1
229,163,137,1
228,161,132,1
228,162,130,1
229,163,131,1
229,163,131,1
229,163,131,1
229,163,131,1
228,162,130,1
227,161,129,1
226,160,128,1
227,161,129,1
228,162,130,1
227,161,129,1
226,160,128,1
225,159,127,1
226,160,128,1
227,161,129,1
228,159,128,1
228,159,128,1
229,160,129,1
229,160,129,1
229,160,129,1
228,159,128,1
227,158,127,1
227,158,127,1
227,158,127,1
226,157,126,1
225,156,125,1
224,155,124,1
223,154,123,1
223,154,123,1
224,155,124,1
224,155,124,1
225,156,123,1
224,155,122,1
223,154,121,1
222,153,120,1
221,152,119,1
220,151,118,1
219,150,117,1
219,150,117,1
214,145,112,1
215,146,113,1
215,146,113,1
215,146,113,1
215,146,113,1
216,147,114,1
216,147,114,1
217,146,114,1
218,144,115,1
218,144,115,1
218,144,115,1
218,144,115,1
217,143,114,1
215,144,114,1
215,144,114,1
214,145,114,1
222,153,122,1
219,153,121,1
218,152,120,1
217,152,120,1
216,151,119,1
216,151,119,1
216,153,120,1
217,152,120,1
216,150,118,1
216,150,118,1
216,150,118,1
217,151,119,1
217,151,119,1
217,151,119,1
217,153,118,1
217,153,118,1
216,152,117,1
217,153,118,1
217,155,118,1
217,155,118,1
217,155,118,1
216,154,117,1
213,154,114,1
213,154,114,1
214,156,119,1
215,157,120,1
216,158,121,1
217,159,122,1
218,160,123,1
219,161,124,1
219,161,124,1
220,162,125,1
219,161,124,1
218,160,123,1
215,157,120,1
213,155,118,1
210,152,115,1
209,151,114,1
208,150,113,1
208,150,113,1
213,155,117,1
213,155,117,1
213,155,117,1
214,156,118,1
213,155,117,1
212,154,116,1
211,153,115,1
211,153,115,1
208,150,112,1
206,148,110,1
205,147,109,1
205,147,109,1
206,148,110,1
206,148,110,1
205,147,109,1
203,145,107,1
199,140,106,1
198,139,105,1
197,138,104,1
195,136,102,1
194,135,101,1
194,135,101,1
194,135,101,1
194,135,101,1
193,134,100,1
193,134,100,1
194,135,101,1
194,135,101,1
194,135,101,1
194,135,101,1
195,136,102,1
193,137,102,1
193,137,104,1
190,136,102,1
188,134,100,1
186,132,98,1
185,131,97,1
245,192,174,1
244,191,173,1
242,189,171,1
239,186,168,1
236,183,165,1
237,184,166,1
240,187,169,1
243,190,172,1
249,196,178,1
247,194,176,1
244,191,173,1
241,188,170,1
237,184,166,1
234,181,163,1
232,179,161,1
234,179,159,1
232,175,155,1
234,176,154,1
235,177,155,1
236,178,156,1
237,179,157,1
237,179,157,1
236,178,156,1
235,177,155,1
232,174,152,1
231,173,151,1
229,171,149,1
226,168,146,1
224,166,144,1
223,165,143,1
223,165,143,1
225,165,141,1
231,166,144,1
231,165,141,1
231,165,141,1
231,165,141,1
231,165,141,1
232,166,142,1
233,167,143,1
233,167,143,1
228,162,138,1
228,162,138,1
229,163,139,1
229,163,139,1
229,163,139,1
230,164,140,1
231,165,141,1
233,167,141,1
232,166,134,1
232,166,132,1
231,165,131,1
230,164,130,1
230,164,130,1
229,163,129,1
229,163,129,1
228,162,128,1
236,170,136,1
236,170,136,1
235,169,135,1
232,166,132,1
227,161,127,1
224,158,124,1
223,157,123,1
224,158,124,1
232,163,132,1
231,162,131,1
231,162,131,1
230,161,130,1
229,160,129,1
227,158,127,1
225,156,125,1
224,155,124,1
225,156,125,1
224,155,124,1
224,155,124,1
223,154,123,1
223,154,123,1
223,154,123,1
223,154,123,1
224,155,124,1
224,155,122,1
224,155,122,1
223,154,121,1
222,153,120,1
221,152,119,1
220,151,118,1
219,150,117,1
218,149,116,1
216,147,114,1
216,147,114,1
216,147,114,1
216,147,114,1
217,148,115,1
217,148,115,1
217,148,115,1
218,147,115,1
220,146,117,1
221,146,117,1
220,145,116,1
219,145,116,1
218,144,115,1
216,145,115,1
216,145,115,1
214,145,114,1
220,151,120,1
219,153,121,1
220,154,122,1
220,154,122,1
220,155,123,1
220,155,123,1
219,154,122,1
219,154,122,1
219,153,121,1
219,153,121,1
218,152,120,1
218,152,120,1
218,152,120,1
218,152,120,1
217,153,118,1
216,152,117,1
215,151,116,1
215,151,116,1
215,153,116,1
215,153,116,1
215,153,116,1
215,153,116,1
212,153,113,1
211,152,112,1
216,158,121,1
217,159,122,1
218,160,123,1
219,161,124,1
219,161,124,1
218,160,123,1
216,158,121,1
215,157,120,1
216,158,121,1
215,157,120,1
214,156,119,1
212,154,117,1
211,153,116,1
210,152,115,1
210,152,115,1
210,152,115,1
210,152,114,1
211,153,115,1
211,153,115,1
211,153,115,1
211,153,115,1
210,152,114,1
209,151,113,1
208,150,112,1
209,151,113,1
207,149,111,1
206,148,110,1
206,148,110,1
207,149,111,1
207,149,111,1
206,148,110,1
204,146,108,1
200,141,107,1
199,140,106,1
197,138,104,1
195,136,102,1
194,135,101,1
193,134,100,1
192,133,99,1
192,133,99,1
193,134,100,1
193,134,100,1
193,134,100,1
194,135,101,1
194,135,101,1
195,136,102,1
195,136,102,1
193,137,102,1
193,137,104,1
191,136,105,1
188,133,102,1
185,130,99,1
184,129,98,1
234,181,163,1
235,182,164,1
235,182,164,1
233,180,162,1
232,179,161,1
231,178,160,1
233,180,162,1
235,182,164,1
229,176,158,1
229,176,158,1
228,175,157,1
226,173,155,1
224,171,153,1
221,168,150,1
219,166,148,1
219,164,144,1
225,167,147,1
227,169,147,1
231,173,153,1
234,176,154,1
237,179,159,1
237,179,157,1
237,179,157,1
236,178,156,1
237,179,157,1
236,178,156,1
233,175,153,1
231,173,151,1
230,172,150,1
230,172,150,1
230,172,150,1
233,173,149,1
232,167,145,1
232,168,143,1
232,166,142,1
230,166,141,1
229,163,139,1
228,162,138,1
227,161,137,1
227,161,137,1
231,165,141,1
232,166,142,1
232,166,142,1
231,165,141,1
230,164,140,1
230,164,140,1
231,165,141,1
234,167,141,1
235,168,139,1
234,168,136,1
235,166,135,1
231,165,133,1
232,163,132,1
229,163,129,1
231,162,131,1
229,163,129,1
229,160,127,1
228,162,128,1
231,162,129,1
228,162,128,1
228,159,126,1
225,159,125,1
228,159,126,1
227,161,127,1
234,165,132,1
234,165,134,1
233,164,133,1
231,162,131,1
229,160,129,1
226,157,126,1
224,155,124,1
223,154,123,1
224,155,124,1
224,153,123,1
223,152,122,1
223,152,122,1
223,152,122,1
224,153,123,1
224,153,123,1
225,154,124,1
221,150,118,1
220,151,118,1
221,150,118,1
221,152,119,1
221,152,119,1
221,152,119,1
222,153,120,1
222,153,120,1
224,155,122,1
224,155,122,1
223,154,121,1
220,154,120,1
219,153,119,1
217,151,117,1
217,151,117,1
218,149,116,1
221,147,118,1
221,147,118,1
222,147,118,1
220,146,117,1
220,146,117,1
217,146,116,1
217,146,116,1
216,147,116,1
220,151,120,1
221,152,121,1
221,155,123,1
223,157,125,1
222,157,125,1
222,157,125,1
221,156,124,1
221,156,124,1
220,156,121,1
220,156,121,1
220,154,120,1
218,154,119,1
218,152,118,1
216,152,117,1
215,151,116,1
214,150,114,1
212,148,113,1
213,149,113,1
213,151,114,1
214,152,115,1
214,152,115,1
214,152,115,1
211,152,112,1
211,152,112,1
216,158,120,1
217,159,122,1
218,160,123,1
218,160,123,1
217,159,122,1
214,156,119,1
211,153,116,1
209,151,114,1
213,155,118,1
212,154,117,1
212,154,117,1
211,153,116,1
211,152,118,1
212,153,119,1
212,153,119,1
213,155,118,1
211,153,115,1
212,154,116,1
212,154,116,1
212,154,116,1
212,154,116,1
211,153,115,1
210,152,114,1
209,151,113,1
209,151,113,1
207,149,111,1
206,148,111,1
206,148,111,1
208,150,113,1
208,150,113,1
207,149,112,1
205,147,110,1
203,145,108,1
200,144,107,1
200,142,105,1
195,139,102,1
195,136,102,1
192,136,101,1
193,134,100,1
191,135,100,1
192,133,99,1
190,134,99,1
193,134,100,1
192,136,101,1
194,135,101,1
193,137,102,1
196,137,103,1
194,138,105,1
193,138,107,1
191,136,105,1
188,133,102,1
185,130,99,1
184,129,98,1
230,175,155,1
232,177,157,1
233,178,158,1
231,176,156,1
229,174,154,1
229,174,154,1
233,178,158,1
237,182,162,1
244,189,169,1
237,182,162,1
228,173,153,1
224,169,149,1
225,170,150,1
228,173,153,1
231,176,156,1
231,176,156,1
234,175,157,1
236,175,156,1
236,175,157,1
238,177,158,1
240,179,161,1
240,179,160,1
238,177,158,1
236,175,156,1
235,174,153,1
235,174,153,1
233,172,151,1
233,172,151,1
233,173,149,1
234,174,150,1
235,175,151,1
236,176,152,1
239,177,154,1
236,174,151,1
234,169,147,1
227,165,142,1
226,162,137,1
224,160,135,1
223,159,134,1
223,159,134,1
225,161,136,1
227,163,138,1
230,164,140,1
230,164,140,1
229,161,140,1
228,160,139,1
229,161,140,1
230,162,139,1
237,167,142,1
234,164,138,1
233,162,134,1
231,162,133,1
233,162,134,1
233,164,133,1
234,163,135,1
232,163,132,1
231,160,128,1
230,161,128,1
231,160,128,1
228,159,126,1
226,156,122,1
222,154,119,1
223,153,119,1
223,155,120,1
227,161,127,1
227,161,127,1
227,161,127,1
227,161,127,1
229,160,127,1
229,160,127,1
230,159,127,1
230,159,127,1
231,160,128,1
231,158,126,1
229,156,124,1
226,153,121,1
225,150,119,1
223,148,117,1
222,147,116,1
222,147,116,1
217,144,112,1
214,143,111,1
216,143,111,1
216,145,113,1
219,148,116,1
221,150,118,1
220,151,118,1
219,150,117,1
219,153,119,1
219,153,119,1
218,152,118,1
216,152,117,1
215,151,116,1
215,151,116,1
214,151,116,1
216,152,117,1
219,150,119,1
221,150,120,1
224,150,121,1
222,151,121,1
222,151,121,1
219,150,119,1
217,148,117,1
216,147,116,1
218,149,118,1
218,152,120,1
220,154,122,1
222,156,124,1
222,157,125,1
221,156,124,1
219,154,122,1
218,154,119,1
221,157,121,1
220,158,121,1
221,157,121,1
219,157,120,1
219,155,119,1
217,155,118,1
216,154,117,1
215,153,114,1
214,152,115,1
214,152,113,1
214,152,113,1
214,152,113,1
214,152,113,1
214,152,113,1
214,152,113,1
212,153,113,1
220,162,124,1
220,162,124,1
219,161,124,1
219,161,124,1
218,160,123,1
218,160,123,1
217,158,124,1
217,158,124,1
215,156,122,1
215,156,122,1
214,155,121,1
214,155,121,1
213,154,122,1
213,154,122,1
212,153,121,1
212,153,119,1
211,153,116,1
211,153,115,1
210,152,114,1
210,152,114,1
209,151,113,1
208,150,112,1
207,149,112,1
207,149,112,1
207,149,112,1
206,148,111,1
205,146,112,1
206,147,113,1
208,149,115,1
207,148,114,1
205,146,112,1
203,144,110,1
199,144,105,1
196,143,103,1
194,139,100,1
192,139,99,1
193,137,100,1
192,138,100,1
192,136,99,1
190,136,98,1
191,135,98,1
190,136,98,1
191,135,100,1
190,136,100,1
191,135,100,1
189,135,99,1
190,134,99,1
189,135,101,1
185,130,99,1
184,129,99,1
183,128,98,1
182,127,97,1
182,127,97,1
233,178,158,1
234,179,159,1
235,180,160,1
234,179,159,1
234,179,159,1
234,179,159,1
236,181,161,1
238,183,163,1
242,187,167,1
236,181,161,1
229,174,154,1
226,171,151,1
227,172,152,1
230,175,155,1
232,177,157,1
234,177,158,1
235,176,158,1
234,173,155,1
231,170,152,1
229,168,150,1
230,169,151,1
232,171,153,1
232,171,152,1
231,170,151,1
232,171,150,1
231,170,149,1
230,169,148,1
229,168,147,1
229,169,145,1
230,170,146,1
231,171,147,1
232,172,148,1
234,172,149,1
233,171,148,1
232,170,147,1
231,169,146,1
229,167,142,1
227,165,140,1
227,163,138,1
226,162,137,1
225,161,136,1
227,163,138,1
229,163,139,1
229,163,139,1
227,159,138,1
226,158,137,1
226,158,137,1
226,158,135,1
225,155,130,1
223,151,127,1
220,148,123,1
220,148,123,1
222,151,123,1
226,155,127,1
228,157,129,1
229,158,128,1
229,158,128,1
228,157,125,1
228,157,125,1
229,158,126,1
229,159,125,1
229,159,125,1
229,159,123,1
228,160,125,1
226,160,126,1
225,161,126,1
226,160,126,1
225,159,125,1
227,158,125,1
227,158,125,1
228,157,125,1
228,157,125,1
223,152,120,1
225,152,120,1
224,151,119,1
224,149,118,1
224,149,118,1
224,149,118,1
224,149,118,1
224,149,118,1
222,149,117,1
218,147,115,1
219,146,114,1
218,147,115,1
220,149,117,1
220,151,118,1
219,150,117,1
217,148,115,1
220,154,120,1
220,154,120,1
218,154,119,1
218,154,119,1
216,153,118,1
215,152,117,1
215,152,117,1
215,151,116,1
223,154,123,1
224,153,123,1
224,153,123,1
224,153,123,1
222,153,122,1
220,151,120,1
218,149,118,1
216,147,116,1
215,149,117,1
217,151,119,1
219,153,121,1
222,156,124,1
222,157,125,1
221,156,124,1
220,155,123,1
219,155,120,1
216,154,117,1
217,155,116,1
217,155,116,1
216,154,115,1
215,153,114,1
214,152,113,1
213,151,112,1
212,150,111,1
215,153,114,1
215,153,114,1
215,153,114,1
216,154,115,1
217,155,116,1
218,156,117,1
218,156,117,1
216,157,117,1
218,158,121,1
217,159,121,1
216,158,121,1
216,158,121,1
216,158,121,1
215,157,120,1
215,156,122,1
215,156,122,1
211,152,118,1
211,152,118,1
211,152,120,1
210,151,119,1
210,151,119,1
210,151,119,1
209,150,120,1
209,150,118,1
210,152,115,1
210,152,114,1
210,152,114,1
209,151,113,1
208,150,112,1
207,149,111,1
207,149,112,1
206,148,111,1
207,148,114,1
206,147,113,1
205,146,112,1
206,147,113,1
207,148,116,1
207,148,116,1
205,146,114,1
201,145,110,1
199,146,106,1
196,143,101,1
193,140,100,1
191,138,98,1
191,138,98,1
190,137,97,1
188,134,96,1
187,133,95,1
191,137,99,1
191,137,99,1
191,137,101,1
191,137,101,1
190,136,100,1
190,136,100,1
190,136,100,1
190,136,102,1
186,131,100,1
185,130,100,1
185,130,100,1
184,129,99,1
183,128,98,1
234,179,159,1
233,178,158,1
233,178,158,1
234,179,159,1
236,181,161,1
236,181,161,1
235,180,160,1
233,178,158,1
239,184,164,1
235,180,160,1
230,175,155,1
227,172,152,1
228,173,153,1
231,176,156,1
233,178,158,1
235,178,159,1
234,175,157,1
231,170,152,1
225,164,146,1
222,161,143,1
222,161,143,1
224,163,145,1
226,165,146,1
227,166,147,1
230,169,148,1
230,169,148,1
229,168,147,1
228,167,146,1
228,168,144,1
229,169,145,1
229,169,145,1
230,170,146,1
230,170,146,1
232,172,148,1
235,173,150,1
236,174,151,1
236,174,149,1
234,172,147,1
234,170,145,1
232,168,143,1
234,170,145,1
235,171,146,1
237,171,147,1
235,169,145,1
231,165,143,1
229,163,141,1
228,162,140,1
229,161,138,1
231,161,136,1
230,160,134,1
229,159,133,1
228,158,132,1
227,158,129,1
225,156,127,1
221,152,121,1
218,149,118,1
217,148,117,1
215,146,115,1
215,146,113,1
218,149,116,1
223,155,120,1
227,159,124,1
226,158,123,1
225,157,122,1
225,159,125,1
225,159,125,1
224,158,124,1
224,158,124,1
223,157,123,1
222,156,122,1
224,155,122,1
224,155,122,1
219,150,117,1
220,149,117,1
219,148,116,1
221,148,116,1
221,148,116,1
222,149,117,1
223,150,118,1
222,151,119,1
222,151,119,1
220,151,118,1
220,149,117,1
219,150,117,1
221,152,119,1
222,153,120,1
221,152,119,1
217,151,117,1
221,155,121,1
221,155,121,1
221,157,122,1
221,157,122,1
220,156,121,1
218,154,119,1
216,152,117,1
215,151,116,1
220,151,120,1
221,150,120,1
220,149,119,1
219,148,118,1
217,148,117,1
215,146,115,1
211,145,113,1
210,144,112,1
214,148,116,1
216,150,118,1
217,152,120,1
220,155,123,1
221,156,124,1
221,156,124,1
221,156,124,1
221,157,122,1
216,154,117,1
216,154,117,1
216,154,117,1
216,154,117,1
215,153,116,1
214,152,115,1
213,151,114,1
212,150,113,1
216,154,117,1
216,154,117,1
217,155,118,1
218,156,119,1
219,157,120,1
220,158,121,1
221,159,122,1
219,159,122,1
214,154,117,1
213,155,117,1
213,155,118,1
213,155,118,1
212,154,117,1
212,154,117,1
212,153,119,1
212,153,119,1
210,151,117,1
210,151,117,1
209,150,118,1
209,150,118,1
209,150,118,1
209,150,118,1
208,149,119,1
208,149,117,1
209,151,114,1
209,151,113,1
208,150,112,1
208,150,112,1
207,149,111,1
206,148,110,1
205,147,110,1
205,147,110,1
207,149,112,1
206,148,111,1
205,146,112,1
205,146,112,1
207,148,114,1
206,147,113,1
204,145,113,1
200,144,109,1
199,146,106,1
195,144,101,1
192,140,100,1
190,138,98,1
189,137,97,1
188,136,96,1
186,134,95,1
184,132,93,1
192,140,101,1
192,140,101,1
191,139,102,1
191,139,102,1
190,138,101,1
190,138,101,1
189,137,100,1
189,136,102,1
186,133,101,1
185,132,101,1
184,131,100,1
184,131,100,1
183,130,99,1
235,180,160,1
234,179,159,1
233,178,158,1
235,180,160,1
239,184,164,1
239,184,164,1
235,180,160,1
231,176,156,1
234,179,159,1
232,177,157,1
230,175,155,1
228,173,153,1
229,174,154,1
231,176,156,1
233,178,158,1
235,178,159,1
233,174,156,1
230,169,151,1
225,164,146,1
223,162,144,1
223,162,144,1
225,164,146,1
227,166,147,1
228,167,148,1
233,172,151,1
232,171,150,1
232,171,150,1
231,170,149,1
231,171,147,1
231,171,147,1
231,171,147,1
231,171,147,1
232,172,148,1
233,173,149,1
236,174,151,1
237,175,152,1
237,175,150,1
237,175,150,1
238,174,149,1
237,173,148,1
239,175,150,1
240,176,151,1
240,174,150,1
238,172,148,1
233,167,145,1
230,164,142,1
228,162,140,1
228,162,138,1
229,159,134,1
232,162,136,1
235,165,139,1
238,168,142,1
236,167,138,1
228,159,130,1
218,149,118,1
210,141,110,1
210,141,110,1
207,138,107,1
206,137,104,1
211,142,109,1
219,151,116,1
224,156,121,1
222,154,119,1
219,151,116,1
225,159,125,1
225,159,125,1
224,158,124,1
224,158,124,1
223,157,123,1
222,156,122,1
222,156,122,1
221,155,121,1
224,155,122,1
223,154,121,1
222,153,120,1
221,152,119,1
220,151,118,1
220,151,118,1
220,151,118,1
221,152,119,1
222,153,120,1
219,153,119,1
220,151,118,1
219,153,119,1
223,154,121,1
222,156,122,1
222,156,122,1
220,154,120,1
220,154,120,1
221,155,121,1
221,157,122,1
221,157,122,1
220,156,121,1
217,153,118,1
215,149,115,1
213,147,113,1
214,145,114,1
215,144,114,1
215,144,114,1
215,144,114,1
214,145,114,1
213,144,113,1
210,144,112,1
210,144,112,1
213,147,115,1
215,149,117,1
216,151,119,1
218,153,121,1
220,155,123,1
221,156,124,1
222,157,125,1
222,158,123,1
219,156,121,1
220,158,121,1
220,158,121,1
220,158,121,1
219,157,120,1
218,156,119,1
217,155,118,1
217,155,118,1
217,155,118,1
217,155,118,1
217,155,118,1
217,155,118,1
218,156,119,1
218,156,119,1
218,156,119,1
216,156,119,1
212,152,115,1
211,153,115,1
211,153,116,1
211,153,116,1
211,153,116,1
211,153,116,1
211,152,118,1
211,152,118,1
210,151,117,1
210,151,117,1
210,151,119,1
210,151,119,1
210,151,119,1
210,151,119,1
210,151,121,1
210,151,119,1
208,150,113,1
208,150,112,1
207,149,111,1
206,148,110,1
206,148,110,1
205,147,109,1
204,146,109,1
204,146,109,1
207,149,112,1
205,147,110,1
204,145,111,1
205,146,112,1
206,147,113,1
205,146,112,1
203,144,112,1
199,143,108,1
198,145,105,1
194,143,100,1
192,140,100,1
190,138,98,1
190,138,98,1
190,138,98,1
188,136,97,1
187,135,96,1
193,141,102,1
193,141,102,1
192,140,103,1
192,140,103,1
191,139,102,1
190,138,101,1
190,138,101,1
189,136,102,1
186,133,101,1
185,132,101,1
184,131,100,1
183,130,99,1
183,130,99,1
238,183,163,1
236,181,161,1
235,180,160,1
238,183,163,1
241,186,166,1
241,186,166,1
237,182,162,1
233,178,158,1
230,175,155,1
230,175,155,1
230,175,155,1
230,175,155,1
230,175,155,1
230,175,155,1
231,176,156,1
233,176,157,1
232,173,155,1
232,171,153,1
230,169,151,1
230,169,151,1
232,171,153,1
233,172,154,1
233,172,153,1
232,171,152,1
234,173,152,1
234,173,152,1
233,172,151,1
233,172,151,1
233,173,149,1
232,172,148,1
231,171,147,1
231,171,147,1
233,173,147,1
232,172,146,1
231,171,145,1
231,171,145,1
232,170,147,1
233,171,148,1
234,172,149,1
235,173,150,1
232,167,145,1
233,168,146,1
233,168,146,1
230,165,143,1
226,160,136,1
222,156,132,1
220,154,130,1
220,154,130,1
213,143,118,1
216,146,120,1
220,151,122,1
224,155,126,1
226,157,128,1
224,155,126,1
218,149,118,1
213,144,113,1
218,149,118,1
214,145,114,1
212,143,110,1
216,147,114,1
223,154,121,1
227,158,125,1
225,157,122,1
222,154,119,1
226,160,126,1
226,160,126,1
225,159,125,1
225,159,125,1
224,158,124,1
224,158,124,1
223,157,123,1
222,158,123,1
226,160,126,1
225,161,126,1
224,160,125,1
223,159,124,1
222,158,123,1
222,158,123,1
223,159,124,1
223,159,124,1
225,161,126,1
223,159,124,1
222,156,122,1
221,157,122,1
222,156,122,1
222,156,122,1
220,154,120,1
218,152,118,1
215,149,115,1
216,150,116,1
217,151,117,1
217,151,117,1
215,149,115,1
212,146,112,1
210,141,108,1
208,139,106,1
209,140,109,1
210,141,110,1
210,141,110,1
211,142,111,1
212,143,112,1
214,145,114,1
213,147,115,1
214,148,116,1
213,148,116,1
214,149,117,1
215,150,118,1
217,152,120,1
218,155,122,1
220,157,124,1
221,158,125,1
221,158,123,1
221,158,123,1
222,160,123,1
222,160,123,1
222,160,123,1
222,160,123,1
221,159,122,1
220,158,121,1
220,158,121,1
217,155,118,1
217,155,118,1
216,154,117,1
215,153,116,1
214,152,115,1
213,151,114,1
212,150,113,1
210,150,113,1
211,151,114,1
210,152,114,1
211,153,116,1
211,153,116,1
211,153,116,1
211,153,116,1
211,152,118,1
211,152,118,1
209,150,116,1
210,151,117,1
210,151,119,1
210,151,119,1
210,151,119,1
210,151,119,1
210,151,121,1
210,151,119,1
206,151,112,1
205,150,109,1
205,150,109,1
204,149,108,1
203,148,109,1
202,147,108,1
202,147,108,1
202,147,108,1
204,148,111,1
203,147,110,1
202,146,111,1
202,146,111,1
203,147,112,1
202,146,111,1
200,144,109,1
197,141,104,1
196,143,103,1
193,142,99,1
191,139,99,1
191,139,99,1
193,141,101,1
194,142,102,1
193,141,102,1
192,140,101,1
194,142,103,1
193,141,102,1
193,141,104,1
192,140,103,1
191,139,102,1
190,138,101,1
189,137,100,1
189,136,102,1
184,131,99,1
184,131,99,1
183,130,98,1
182,129,97,1
181,128,96,1
234,179,159,1
233,178,158,1
232,177,157,1
233,178,158,1
234,179,159,1
234,179,159,1
232,177,157,1
230,175,155,1
228,173,153,1
230,175,155,1
232,177,157,1
233,178,158,1
231,176,156,1
230,175,155,1
231,176,156,1
232,175,156,1
233,174,156,1
234,173,155,1
235,174,156,1
237,176,158,1
239,178,160,1
239,178,160,1
237,176,157,1
234,173,154,1
231,170,149,1
232,171,150,1
232,171,150,1
232,171,150,1
231,171,147,1
230,170,146,1
229,169,145,1
228,168,144,1
230,170,144,1
229,169,143,1
226,166,140,1
225,165,139,1
226,164,141,1
227,165,142,1
229,167,144,1
231,169,146,1
229,164,142,1
230,165,143,1
230,165,143,1
227,162,140,1
224,158,134,1
221,155,131,1
219,153,129,1
219,153,127,1
223,156,129,1
222,153,124,1
218,149,120,1
217,148,119,1
218,149,120,1
221,152,123,1
223,154,123,1
223,154,123,1
224,155,124,1
222,153,122,1
220,151,118,1
222,153,120,1
226,157,124,1
227,158,125,1
226,157,124,1
224,156,121,1
226,160,126,1
226,160,126,1
226,160,126,1
226,160,126,1
226,160,126,1
225,161,126,1
225,161,126,1
225,161,126,1
225,161,126,1
224,161,126,1
224,161,126,1
223,163,127,1
224,164,128,1
225,165,129,1
226,166,130,1
227,167,131,1
229,166,131,1
227,164,129,1
224,161,126,1
223,159,124,1
221,157,122,1
219,155,120,1
217,151,117,1
214,148,114,1
212,146,112,1
212,146,112,1
212,146,112,1
211,145,111,1
210,141,108,1
207,138,105,1
204,135,102,1
203,134,101,1
202,133,102,1
203,134,103,1
203,134,103,1
205,136,105,1
207,138,107,1
208,142,110,1
210,144,112,1
212,146,114,1
214,149,117,1
214,149,117,1
215,150,118,1
217,152,120,1
217,154,121,1
219,156,123,1
220,157,124,1
220,157,124,1
220,157,122,1
221,159,122,1
221,159,122,1
222,160,123,1
222,160,123,1
221,159,122,1
220,158,121,1
220,158,121,1
218,156,119,1
218,156,119,1
216,154,117,1
215,153,116,1
213,151,114,1
211,149,112,1
209,147,110,1
207,147,110,1
210,152,114,1
210,152,114,1
210,152,115,1
210,152,115,1
211,153,116,1
211,153,116,1
211,152,118,1
211,152,118,1
207,148,114,1
207,148,114,1
207,148,116,1
208,149,117,1
208,149,117,1
208,149,117,1
209,150,120,1
209,150,118,1
206,151,112,1
206,151,110,1
205,150,109,1
204,149,108,1
204,149,110,1
203,148,109,1
202,147,108,1
202,147,108,1
204,148,111,1
203,147,110,1
201,145,110,1
201,145,110,1
202,146,111,1
201,145,110,1
198,142,107,1
195,141,103,1
194,142,102,1
192,141,98,1
191,139,99,1
192,140,100,1
194,142,102,1
196,144,104,1
196,144,105,1
195,143,104,1
193,141,102,1
193,141,102,1
192,140,103,1
191,139,102,1
190,138,101,1
189,137,100,1
188,136,99,1
188,136,99,1
184,131,97,1
183,130,98,1
182,129,97,1
181,128,96,1
181,128,96,1
231,176,156,1
232,177,157,1
232,177,157,1
230,175,155,1
229,174,154,1
228,173,153,1
229,174,154,1
231,176,156,1
229,174,154,1
233,178,158,1
236,181,161,1
237,182,162,1
234,179,159,1
232,177,157,1
231,176,156,1
233,176,157,1
235,176,158,1
236,175,157,1
237,176,158,1
238,177,159,1
239,178,160,1
239,178,160,1
236,175,156,1
233,172,153,1
230,169,148,1
231,170,149,1
231,170,149,1
231,170,149,1
230,170,146,1
228,168,144,1
227,167,143,1
226,166,142,1
224,167,140,1
224,167,138,1
226,166,140,1
227,167,141,1
227,167,143,1
228,168,144,1
230,168,147,1
230,168,147,1
230,168,147,1
232,170,149,1
234,169,147,1
233,168,146,1
229,165,140,1
227,163,138,1
226,162,135,1
227,161,135,1
238,171,144,1
233,166,137,1
227,160,131,1
223,157,125,1
223,157,125,1
224,158,126,1
225,159,127,1
225,159,127,1
223,157,125,1
222,156,124,1
222,156,124,1
222,156,124,1
222,156,124,1
222,156,122,1
222,156,122,1
222,156,122,1
224,158,123,1
224,158,123,1
225,159,124,1
225,159,124,1
225,161,125,1
226,162,126,1
226,162,126,1
226,164,127,1
226,164,127,1
224,164,127,1
223,163,126,1
222,164,126,1
223,165,127,1
224,166,128,1
223,168,129,1
224,169,130,1
224,166,128,1
223,163,126,1
221,161,124,1
221,159,122,1
221,159,122,1
220,158,121,1
218,154,118,1
216,152,116,1
216,150,115,1
215,149,114,1
215,147,112,1
213,145,110,1
211,141,107,1
209,139,105,1
207,137,103,1
206,135,103,1
203,134,103,1
203,134,103,1
203,134,103,1
204,135,104,1
205,139,107,1
207,141,109,1
210,144,112,1
210,145,113,1
215,150,118,1
215,150,118,1
215,152,119,1
215,152,119,1
216,153,120,1
217,154,121,1
218,155,122,1
219,156,123,1
218,158,122,1
218,158,122,1
219,159,123,1
220,160,124,1
220,160,124,1
219,159,123,1
219,159,123,1
218,158,122,1
217,157,121,1
217,157,121,1
216,156,120,1
214,154,118,1
213,153,117,1
211,151,115,1
210,150,114,1
210,150,114,1
208,150,112,1
208,150,112,1
208,150,113,1
209,151,114,1
209,151,114,1
210,152,115,1
210,151,117,1
210,151,117,1
207,148,114,1
207,148,114,1
208,149,117,1
208,149,117,1
209,150,118,1
209,150,118,1
209,150,120,1
210,151,119,1
207,152,113,1
206,151,110,1
206,151,110,1
205,150,109,1
204,149,108,1
203,148,107,1
203,148,109,1
203,148,109,1
204,149,110,1
202,147,108,1
201,145,108,1
201,145,108,1
201,145,108,1
200,144,107,1
197,141,106,1
194,140,102,1
194,142,102,1
191,142,99,1
189,140,99,1
189,140,99,1
191,142,101,1
193,144,103,1
192,143,103,1
192,143,103,1
191,142,102,1
190,141,101,1
189,139,102,1
188,138,101,1
187,137,100,1
186,136,99,1
185,135,98,1
184,134,97,1
183,133,98,1
182,132,97,1
181,131,96,1
180,130,95,1
180,130,95,1
237,182,162,1
239,184,164,1
239,184,164,1
236,181,161,1
233,178,158,1
232,177,157,1
235,180,160,1
239,184,164,1
231,176,156,1
235,180,160,1
240,185,165,1
240,185,165,1
237,182,162,1
233,178,158,1
232,177,157,1
234,177,158,1
237,178,160,1
237,176,158,1
236,175,157,1
236,175,157,1
236,175,157,1
235,174,156,1
233,172,153,1
231,170,151,1
231,170,149,1
231,170,149,1
232,171,150,1
232,171,150,1
231,171,147,1
229,169,145,1
227,167,143,1
226,166,140,1
223,166,137,1
225,168,139,1
230,170,144,1
232,172,146,1
234,174,150,1
234,174,150,1
234,172,151,1
233,171,150,1
231,169,148,1
233,171,150,1
236,171,151,1
235,170,148,1
233,169,144,1
231,167,140,1
230,166,139,1
231,167,139,1
225,158,129,1
225,159,127,1
226,160,128,1
228,162,130,1
230,164,132,1
229,163,131,1
225,159,127,1
223,157,125,1
224,158,126,1
226,160,128,1
226,160,128,1
226,160,128,1
224,158,126,1
223,157,125,1
224,158,126,1
225,159,125,1
222,156,121,1
223,157,122,1
223,157,122,1
224,160,124,1
225,161,125,1
225,163,126,1
226,164,127,1
224,164,127,1
227,167,130,1
225,167,129,1
224,166,128,1
220,165,126,1
219,164,125,1
218,163,124,1
217,164,124,1
217,164,124,1
218,160,122,1
217,159,121,1
217,157,120,1
218,158,121,1
222,160,123,1
223,161,124,1
223,159,123,1
222,158,122,1
223,157,122,1
221,155,120,1
221,153,118,1
218,150,115,1
216,146,112,1
214,144,110,1
212,142,108,1
212,142,108,1
213,144,111,1
213,144,113,1
213,144,113,1
211,145,113,1
213,147,115,1
215,149,117,1
216,151,119,1
218,153,121,1
216,151,119,1
216,151,119,1
215,152,119,1
215,152,119,1
215,152,119,1
217,154,121,1
218,155,122,1
216,156,122,1
219,159,123,1
220,160,124,1
220,160,124,1
221,161,125,1
221,161,125,1
221,161,125,1
220,160,124,1
220,160,124,1
218,158,122,1
218,158,122,1
217,157,121,1
216,156,120,1
216,156,120,1
215,155,119,1
214,154,118,1
214,154,118,1
207,149,111,1
207,149,111,1
207,149,112,1
208,150,113,1
208,150,113,1
209,151,114,1
209,150,116,1
209,150,116,1
210,151,117,1
210,151,117,1
210,151,119,1
211,152,120,1
212,153,121,1
212,153,121,1
212,153,123,1
213,154,122,1
207,152,113,1
207,152,111,1
206,151,110,1
206,151,110,1
205,150,109,1
204,149,108,1
203,148,109,1
203,148,109,1
204,149,110,1
202,147,108,1
201,145,108,1
201,145,108,1
201,145,108,1
200,144,107,1
197,141,106,1
193,139,101,1
195,143,103,1
191,142,99,1
189,140,99,1
189,140,99,1
190,141,100,1
190,141,100,1
190,141,101,1
189,140,100,1
190,141,101,1
190,141,101,1
189,139,102,1
188,138,101,1
186,136,99,1
185,135,98,1
184,134,97,1
183,133,96,1
184,134,97,1
183,133,96,1
182,132,97,1
181,131,94,1
181,131,96,1
231,176,156,1
231,176,156,1
232,177,157,1
233,178,158,1
233,178,158,1
234,179,159,1
235,180,160,1
235,180,160,1
237,182,162,1
234,179,159,1
231,176,156,1
230,175,155,1
231,176,156,1
233,178,158,1
234,179,159,1
235,178,159,1
236,177,159,1
230,169,151,1
226,165,147,1
228,167,149,1
230,169,151,1
228,167,149,1
226,165,146,1
227,166,147,1
227,166,145,1
227,166,145,1
229,168,147,1
230,169,148,1
232,172,148,1
233,173,149,1
235,175,151,1
235,175,149,1
233,176,147,1
231,174,144,1
225,168,139,1
221,164,137,1
226,168,144,1
235,177,155,1
241,180,161,1
239,178,159,1
238,175,157,1
237,175,154,1
241,179,158,1
238,176,153,1
230,166,141,1
231,167,140,1
233,169,142,1
224,160,132,1
227,161,129,1
227,161,129,1
227,161,129,1
228,162,130,1
228,162,130,1
229,163,131,1
229,163,131,1
229,163,131,1
229,163,131,1
227,161,129,1
226,160,128,1
227,161,129,1
229,163,131,1
231,165,133,1
231,165,133,1
231,165,133,1
228,162,127,1
230,165,127,1
227,163,125,1
221,157,119,1
220,156,118,1
222,160,121,1
223,161,122,1
218,159,119,1
219,160,120,1
219,161,121,1
220,162,122,1
219,164,123,1
219,164,123,1
218,165,123,1
218,165,123,1
217,164,122,1
219,161,121,1
219,161,121,1
219,161,121,1
218,160,120,1
219,160,120,1
218,159,119,1
220,158,119,1
220,158,119,1
221,157,119,1
221,157,119,1
221,156,118,1
220,155,117,1
220,152,115,1
219,151,114,1
219,149,113,1
219,149,115,1
218,149,116,1
219,153,121,1
221,155,123,1
221,155,123,1
220,154,122,1
217,152,120,1
217,152,120,1
218,153,121,1
217,154,121,1
215,152,119,1
216,153,120,1
221,158,125,1
220,160,126,1
218,158,124,1
218,158,124,1
221,161,127,1
219,159,123,1
219,161,124,1
219,161,124,1
219,161,124,1
219,161,124,1
218,160,123,1
217,159,122,1
216,158,121,1
217,159,122,1
216,158,121,1
216,158,121,1
215,157,120,1
215,157,120,1
216,158,121,1
216,158,121,1
217,159,122,1
218,160,122,1
217,159,121,1
215,157,120,1
214,156,119,1
213,155,118,1
212,154,117,1
212,153,119,1
212,153,119,1
212,153,119,1
211,152,118,1
211,152,120,1
210,151,119,1
210,151,119,1
211,152,120,1
211,152,122,1
212,153,121,1
206,151,112,1
205,152,108,1
205,152,108,1
204,151,107,1
204,151,109,1
203,150,108,1
203,150,108,1
203,150,108,1
204,151,111,1
203,150,110,1
202,149,109,1
201,148,108,1
200,146,108,1
199,145,107,1
200,146,108,1
200,146,108,1
198,146,106,1
195,146,103,1
193,144,103,1
192,143,102,1
191,142,101,1
190,141,100,1
190,141,101,1
190,141,101,1
187,138,98,1
187,138,98,1
187,137,100,1
186,136,99,1
186,136,99,1
185,135,98,1
185,135,98,1
185,135,98,1
184,134,97,1
183,134,94,1
182,132,95,1
181,132,92,1
181,131,94,1
158,198,198,0
158,198,198,0
158,198,198,0
158,198,198,0
158,198,198,0
158,198,198,0
158,198,198,0
158,198,198,0
158,198,198,0
158,198,198,0
158,198,198,0
158,198,198,0
158,198,198,0
158,198,198,0
158,198,198,0
157,197,197,0
157,197,197,0
157,197,197,0
157,197,197,0
157,197,197,0
157,197,197,0
157,197,197,0
157,197,197,0
158,198,198,0
158,198,198,0
158,198,198,0
158,198,198,0
158,198,198,0
158,198,198,0
158,198,198,0
159,197,200,0
158,192,202,0
171,190,197,0
189,181,179,0
206,161,155,0
233,140,135,0
249,131,127,0
249,134,129,0
250,137,129,0
245,137,127,0
250,136,126,0
255,132,126,0
252,132,131,0
232,140,143,0
208,157,162,0
178,181,186,0
166,197,202,0
158,196,197,0
157,197,197,0
157,197,197,0
157,197,197,0
157,197,197,0
157,197,197,0
157,197,197,0
157,197,197,0
157,197,197,0
157,197,197,0
157,197,197,0
157,197,197,0
157,197,197,0
157,197,197,0
157,197,197,0
157,197,197,0
158,198,198,0
157,197,197,0
157,197,197,0
158,198,198,0
158,198,198,0
157,197,197,0
154,194,194,0
152,192,192,0
153,193,193,0
153,193,193,0
153,193,193,0
153,193,193,0
153,193,193,0
153,193,193,0
153,193,193,0
153,193,193,0
154,192,193,0
154,192,193,0
154,192,193,0
154,192,193,0
154,192,193,0
154,192,193,0
154,192,193,0
154,192,193,0
154,192,193,0
154,192,193,0
154,192,193,0
154,192,193,0
154,192,193,0
154,192,193,0
154,192,193,0
154,192,193,0
152,192,192,0
152,192,192,0
152,192,192,0
152,192,192,0
152,192,192,0
152,192,192,0
152,192,192,0
152,192,192,0
152,192,192,0
152,192,192,0
152,192,192,0
152,192,192,0
152,192,192,0
152,192,192,0
152,192,192,0
152,192,192,0
151,193,192,0
152,194,193,0
152,194,193,0
151,193,192,0
150,191,193,0
150,191,193,0
151,192,194,0
151,192,194,0
142,183,185,0
127,171,172,0
114,159,162,0
108,156,158,0
106,156,157,0
105,155,156,0
103,154,155,0
104,155,156,0
104,158,158,0
104,158,158,0
104,158,158,0
104,158,158,0
104,158,158,0
104,158,158,0
105,159,159,0
105,159,159,0
106,160,160,0
106,160,160,0
106,160,160,0
106,160,160,0
106,160,160,0
107,161,161,0
107,161,161,0
107,161,161,0
110,161,162,0
111,161,162,0
111,161,162,0
111,161,162,0
111,161,162,0
111,161,162,0
112,162,163,0
112,162,163,0
112,162,163,0
112,162,163,0
112,162,163,0
112,162,163,0
113,163,164,0
113,163,164,0
113,163,164,0
113,163,164,0
112,162,163,0
113,163,164,0
115,163,165,0
116,164,166,0
115,163,165,0
115,163,165,0
116,164,166,0
117,165,167,0
125,173,175,0
128,176,178,0
134,179,182,0
136,181,184,0
135,180,183,0
135,180,183,0
136,181,184,0
137,182,185,0
137,181,182,0
137,181,182,0
137,181,182,0
137,181,182,0
138,182,183,0
138,182,183,0
138,182,183,0
138,182,183,0
138,182,183,0
138,182,183,0
138,182,183,0
138,182,183,0
138,182,183,0
138,182,183,0
138,182,183,0
138,182,183,0
138,182,183,0
138,182,183,0
138,182,183,0
138,182,183,0
138,182,183,0
139,183,184,0
139,183,184,0
139,183,184,0
139,183,184,0
139,183,184,0
139,183,184,0
140,184,185,0
140,184,185,0
141,185,186,0
141,185,186,0
141,185,186,0
145,187,186,0
145,187,186,0
144,186,185,0
145,187,186,0
146,187,189,0
145,186,188,0
142,186,187,0
141,185,186,0
133,177,178,0
133,177,178,0
133,177,180,0
133,177,180,0
132,177,180,0
132,177,180,0
132,177,180,0
132,177,180,0
133,177,178,0
133,177,178,0
133,177,178,0
133,177,178,0
133,177,178,0
133,177,178,0
133,177,178,0
133,177,178,0
133,177,178,0
134,178,179,0
134,178,179,0
134,178,179,0
134,178,179,0
134,178,179,0
134,178,179,0
135,179,180,0
134,178,181,0
134,178,181,0
134,178,181,0
133,177,180,0
130,175,178,0
127,175,177,0
127,175,177,0
128,176,178,0
134,182,182,0
126,172,172,0
135,179,180,0
141,182,184,0
133,173,175,0
142,180,183,0
149,187,190,0
136,170,172,0
96,124,125,0
0,21,20,0
0,17,18,0
0,12,13,0
11,29,31,0
0,10,13,0
0,13,16,0
7,18,22,0
4,15,19,0
5,14,19,0
4,15,19,0
4,15,19,0
2,16,19,0
3,17,20,0
2,17,20,0
2,17,20,0
1,19,21,0
1,19,21,0
1,19,21,0
1,19,21,0
1,19,21,0
1,19,21,0
1,19,21,0
1,19,21,0
0,18,20,0
1,19,21,0
3,21,23,0
5,23,25,0
6,24,26,0
6,24,26,0
6,24,26,0
5,25,26,0
5,24,28,0
5,26,29,0
3,27,29,0
3,27,29,0
3,27,29,0
3,27,29,0
2,28,29,0
3,29,30,0
2,30,31,0
2,30,31,0
2,30,31,0
2,30,31,0
2,32,32,0
3,33,33,0
3,33,33,0
4,34,34,0
4,34,34,0
0,25,24,0
0,35,34,0
13,58,55,0
78,128,125,0
83,139,136,0
91,150,148,0
85,145,145,0
90,148,150,0
92,147,150,0
94,147,151,0
96,147,151,0
98,147,152,0
99,148,153,0
99,150,153,0
99,150,153,0
98,152,154,0
98,154,155,0
98,154,155,0
99,155,156,0
101,155,157,0
102,156,158,0
102,156,158,0
103,157,159,0
103,157,159,0
103,157,159,0
106,157,160,0
106,157,160,0
107,158,161,0
108,159,162,0
109,160,163,0
109,160,163,0
109,160,163,0
110,161,164,0
111,162,165,0
112,163,166,0
113,164,167,0
113,164,167,0
114,163,167,0
113,162,166,0
115,164,168,0
116,165,169,0
116,165,169,0
116,165,169,0
118,166,170,0
118,166,170,0
118,166,170,0
119,167,171,0
126,171,176,0
127,172,177,0
129,174,179,0
131,176,181,0
133,178,183,0
134,179,184,0
134,179,184,0
134,179,184,0
135,180,185,0
135,180,185,0
136,181,186,0
136,181,186,0
135,180,185,0
135,180,185,0
134,179,184,0
133,178,183,0
136,180,183,0
136,180,183,0
136,180,183,0
136,180,183,0
136,180,183,0
136,180,183,0
136,180,183,0
136,180,183,0
136,180,183,0
136,180,183,0
136,180,183,0
136,180,183,0
136,180,183,0
136,180,183,0
136,180,183,0
136,180,183,0
135,179,182,0
136,180,183,0
136,180,183,0
136,180,183,0
136,180,183,0
136,180,183,0
136,180,183,0
135,179,182,0
135,179,182,0
135,179,182,0
135,179,182,0
135,179,182,0
135,179,182,0
135,179,182,0
135,179,182,0
135,179,182,0
135,179,182,0
135,179,182,0
135,179,182,0
135,179,182,0
135,179,182,0
135,179,182,0
135,179,182,0
135,179,182,0
135,179,182,0
135,179,182,0
135,179,182,0
135,179,182,0
135,179,182,0
135,179,182,0
135,179,182,0
135,179,182,0
135,179,182,0
135,179,182,0
135,179,182,0
135,179,182,0
135,179,182,0
135,179,182,0
135,179,182,0
135,179,182,0
134,178,181,0
134,178,181,0
134,178,181,0
134,178,181,0
134,178,181,0
134,178,181,0
134,178,181,0
134,178,181,0
135,179,182,0
135,179,182,0
135,179,182,0
135,179,182,0
135,179,182,0
135,179,182,0
135,179,182,0
135,179,182,0
135,179,182,0
135,179,182,0
135,179,182,0
135,179,182,0
135,179,182,0
135,179,182,0
135,179,182,0
135,179,182,0
133,177,180,0
134,178,181,0
134,178,181,0
133,178,181,0
134,179,182,0
134,179,182,0
135,180,183,0
135,180,183,0
137,182,185,0
135,183,185,0
136,181,184,0
132,180,182,0
129,177,179,0
126,174,176,0
123,171,173,0
120,170,171,0
120,170,171,0
120,170,171,0
120,170,171,0
121,171,172,0
121,171,172,0
120,170,171,0
120,170,171,0
120,170,171,0
120,170,171,0
120,170,171,0
120,170,171,0
120,170,171,0
120,170,171,0
120,170,171,0
120,170,171,0
120,170,171,0
119,170,171,0
119,170,171,0
119,170,171,0
119,170,171,0
119,170,171,0
119,170,171,0
119,170,171,0
119,170,171,0
119,170,171,0
119,170,171,0
119,170,171,0
119,170,171,0
119,170,171,0
119,170,171,0
119,170,171,0
119,170,171,0
119,170,171,0
119,170,171,0
119,170,171,0
119,170,171,0
119,170,171,0
119,170,171,0
119,170,171,0
119,170,171,0
119,170,171,0
119,170,171,0
119,170,171,0
119,170,171,0
119,170,171,0
119,170,171,0
119,170,171,0
119,170,171,0
119,170,171,0
119,170,171,0
119,170,171,0
119,170,171,0
119,170,171,0
119,170,171,0
119,170,171,0
119,170,171,0
119,170,171,0
117,168,169,0
115,166,167,0
115,166,167,0
116,167,168,0
116,167,168,0
115,166,167,0
113,164,165,0
115,166,167,0
115,166,167,0
115,166,167,0
115,166,167,0
115,166,167,0
115,166,167,0
115,166,167,0
115,166,167,0
115,166,167,0
115,166,167,0
115,166,167,0
115,166,167,0
115,166,167,0
115,166,167,0
115,166,167,0
115,166,167,0
115,166,167,0
115,166,167,0
115,166,167,0
115,166,167,0
115,166,167,0
115,166,167,0
115,166,167,0
115,166,167,0
115,166,167,0
115,166,167,0
115,166,167,0
115,166,167,0
115,166,167,0
115,166,167,0
115,166,167,0
255,255,255,0
158,198,198,0
158,198,198,0
158,198,198,0
158,198,198,0
158,198,198,0
158,198,198,0
158,198,198,0
158,198,198,0
158,198,198,0
158,198,198,0
158,198,198,0
158,198,198,0
158,198,198,0
158,198,198,0
158,198,198,0
157,197,197,0
157,197,197,0
157,197,197,0
157,197,197,0
157,197,197,0
157,197,197,0
157,197,197,0
157,197,197,0
158,198,198,0
158,198,198,0
158,198,198,0
158,198,198,0
158,198,198,0
158,198,198,0
158,198,198,0
159,196,202,0
160,194,206,0
175,189,200,0
196,176,175,0
213,154,148,0
238,135,128,0
252,131,123,0
249,136,128,0
246,137,130,0
242,135,125,0
249,137,126,0
255,134,124,0
255,130,124,0
248,129,135,0
222,145,153,0
183,178,184,0
165,198,203,0
158,196,197,0
157,197,197,0
157,197,197,0
157,197,197,0
157,197,197,0
157,197,197,0
157,197,197,0
157,197,197,0
157,197,197,0
157,197,197,0
157,197,197,0
157,197,197,0
157,197,197,0
157,197,197,0
157,197,197,0
157,197,197,0
158,198,198,0
157,197,197,0
157,197,197,0
158,198,198,0
158,198,198,0
157,197,197,0
154,194,194,0
152,192,192,0
153,193,193,0
153,193,193,0
153,193,193,0
153,193,193,0
153,193,193,0
153,193,193,0
153,193,193,0
153,193,193,0
154,192,193,0
154,192,193,0
154,192,193,0
154,192,193,0
154,192,193,0
154,192,193,0
154,192,193,0
154,192,193,0
154,192,193,0
154,192,193,0
154,192,193,0
154,192,193,0
154,192,193,0
154,192,193,0
154,192,193,0
154,192,193,0
152,192,192,0
152,192,192,0
152,192,192,0
152,192,192,0
152,192,192,0
152,192,192,0
152,192,192,0
152,192,192,0
152,192,192,0
152,192,192,0
152,192,192,0
152,192,192,0
152,192,192,0
152,192,192,0
152,192,192,0
152,192,192,0
152,194,193,0
153,195,194,0
153,195,194,0
152,194,193,0
152,193,195,0
153,194,196,0
151,192,194,0
145,189,190,0
129,173,174,0
122,168,168,0
114,162,164,0
110,158,160,0
107,157,158,0
105,155,156,0
104,155,156,0
106,157,158,0
105,159,159,0
105,159,159,0
105,159,159,0
105,159,159,0
105,159,159,0
105,159,159,0
105,159,159,0
106,160,160,0
107,161,161,0
107,161,161,0
107,161,161,0
107,161,161,0
108,162,162,0
108,162,162,0
108,162,162,0
110,161,162,0
112,162,163,0
112,162,163,0
112,162,163,0
112,162,163,0
113,163,164,0
113,163,164,0
113,163,164,0
113,163,164,0
113,163,164,0
113,163,164,0
113,163,164,0
113,163,164,0
113,163,164,0
114,164,165,0
114,164,165,0
114,164,165,0
113,163,164,0
115,165,166,0
117,165,167,0
117,165,167,0
116,164,166,0
116,164,166,0
117,165,167,0
117,165,167,0
122,170,172,0
125,173,175,0
131,176,179,0
134,179,182,0
135,180,183,0
136,181,184,0
136,181,184,0
136,181,184,0
138,182,183,0
138,182,183,0
138,182,183,0
138,182,183,0
138,182,183,0
138,182,183,0
139,183,184,0
139,183,184,0
139,183,184,0
139,183,184,0
139,183,184,0
139,183,184,0
139,183,184,0
139,183,184,0
139,183,184,0
139,183,184,0
138,182,183,0
138,182,183,0
138,182,183,0
139,183,184,0
139,183,184,0
139,183,184,0
139,183,184,0
139,183,184,0
140,184,185,0
140,184,185,0
140,184,185,0
140,184,185,0
141,185,186,0
141,185,186,0
141,185,186,0
141,185,186,0
145,187,186,0
145,187,186,0
144,186,185,0
145,187,186,0
146,187,189,0
145,186,188,0
142,186,187,0
141,185,186,0
133,177,178,0
133,177,178,0
133,177,180,0
133,177,180,0
132,177,180,0
132,177,180,0
132,177,180,0
132,177,180,0
133,177,178,0
133,177,178,0
133,177,178,0
133,177,178,0
133,177,178,0
133,177,178,0
133,177,178,0
133,177,178,0
134,178,179,0
134,178,179,0
134,178,179,0
134,178,179,0
134,178,179,0
135,179,180,0
135,179,180,0
135,179,180,0
136,177,181,0
137,178,182,0
134,178,181,0
132,177,180,0
128,176,178,0
126,176,177,0
127,177,178,0
128,178,177,0
129,177,177,0
132,178,178,0
139,183,184,0
135,176,178,0
135,173,176,0
155,189,191,0
132,163,166,0
67,95,98,0
2,26,28,0
12,33,34,0
0,11,12,0
0,17,19,0
9,24,27,0
0,12,15,0
0,9,13,0
10,21,25,0
5,14,19,0
5,14,19,0
4,15,19,0
4,15,19,0
2,16,19,0
2,17,20,0
2,17,20,0
2,17,20,0
2,20,22,0
2,20,22,0
2,20,22,0
1,19,21,0
1,19,21,0
1,19,21,0
1,19,21,0
1,19,21,0
0,18,20,0
0,18,20,0
1,19,21,0
2,20,22,0
3,21,23,0
4,22,24,0
4,22,24,0
5,23,25,0
6,25,29,0
5,26,29,0
3,27,29,0
3,27,29,0
3,27,29,0
4,28,30,0
3,29,30,0
3,29,30,0
3,31,32,0
3,31,32,0
3,31,32,0
3,31,32,0
2,32,32,0
3,33,33,0
4,34,34,0
4,34,34,0
7,37,37,0
0,29,28,0
0,33,32,0
46,92,90,0
91,143,141,0
90,146,145,0
84,142,143,0
91,151,151,0
90,148,150,0
92,147,150,0
93,146,150,0
96,147,151,0
98,147,152,0
98,149,153,0
98,149,152,0
97,151,153,0
97,153,154,0
97,153,154,0
98,154,155,0
99,155,156,0
101,155,157,0
101,155,157,0
102,156,158,0
102,156,158,0
103,157,159,0
103,157,159,0
105,156,159,0
106,157,160,0
107,158,161,0
108,159,162,0
108,159,162,0
109,160,163,0
109,160,163,0
110,161,164,0
111,162,165,0
112,163,166,0
113,164,167,0
113,164,167,0
115,164,168,0
115,164,168,0
115,164,168,0
115,164,168,0
116,165,169,0
116,165,169,0
117,165,169,0
118,166,170,0
118,166,170,0
118,166,170,0
122,167,172,0
123,168,173,0
125,170,175,0
127,172,177,0
129,174,179,0
131,176,181,0
132,177,182,0
132,177,182,0
134,179,184,0
135,180,185,0
136,181,186,0
137,182,187,0
137,182,187,0
135,180,185,0
134,179,184,0
133,178,183,0
136,180,183,0
136,180,183,0
136,180,183,0
136,180,183,0
136,180,183,0
136,180,183,0
136,180,183,0
136,180,183,0
136,180,183,0
136,180,183,0
136,180,183,0
136,180,183,0
136,180,183,0
136,180,183,0
136,180,183,0
136,180,183,0
135,179,182,0
136,180,183,0
136,180,183,0
136,180,183,0
136,180,183,0
136,180,183,0
136,180,183,0
135,179,182,0
135,179,182,0
135,179,182,0
135,179,182,0
135,179,182,0
135,179,182,0
135,179,182,0
135,179,182,0
135,179,182,0
135,179,182,0
135,179,182,0
135,179,182,0
135,179,182,0
135,179,182,0
135,179,182,0
135,179,182,0
135,179,182,0
135,179,182,0
135,179,182,0
135,179,182,0
135,179,182,0
135,179,182,0
135,179,182,0
135,179,182,0
135,179,182,0
135,179,182,0
135,179,182,0
135,179,182,0
135,179,182,0
135,179,182,0
135,179,182,0
135,179,182,0
135,179,182,0
134,178,181,0
134,178,181,0
134,178,181,0
134,178,181,0
134,178,181,0
134,178,181,0
134,178,181,0
134,178,181,0
135,179,182,0
135,179,182,0
135,179,182,0
135,179,182,0
135,179,182,0
135,179,182,0
135,179,182,0
135,179,182,0
135,179,182,0
135,179,182,0
135,179,182,0
135,179,182,0
135,179,182,0
135,179,182,0
135,179,182,0
135,179,182,0
134,178,181,0
134,178,181,0
134,178,181,0
135,179,182,0
135,179,182,0
134,179,182,0
134,179,182,0
134,179,182,0
135,180,183,0
136,181,184,0
136,181,184,0
137,182,185,0
136,181,184,0
132,180,182,0
132,177,180,0
128,176,178,0
125,175,176,0
125,175,176,0
123,173,174,0
122,172,173,0
121,171,172,0
120,170,171,0
119,169,170,0
119,169,170,0
120,170,171,0
120,170,171,0
120,170,171,0
120,170,171,0
120,170,171,0
120,170,171,0
120,170,171,0
120,170,171,0
119,170,171,0
119,170,171,0
119,170,171,0
119,170,171,0
119,170,171,0
119,170,171,0
119,170,171,0
119,170,171,0
119,170,171,0
119,170,171,0
119,170,171,0
119,170,171,0
119,170,171,0
119,170,171,0
119,170,171,0
119,170,171,0
119,170,171,0
119,170,171,0
119,170,171,0
119,170,171,0
119,170,171,0
119,170,171,0
119,170,171,0
119,170,171,0
119,170,171,0
119,170,171,0
119,170,171,0
119,170,171,0
119,170,171,0
119,170,171,0
119,170,171,0
119,170,171,0
119,170,171,0
119,170,171,0
119,170,171,0
119,170,171,0
119,170,171,0
119,170,171,0
119,170,171,0
119,170,171,0
119,170,171,0
117,168,169,0
115,166,167,0
115,166,167,0
116,167,168,0
116,167,168,0
115,166,167,0
113,164,165,0
115,166,167,0
115,166,167,0
115,166,167,0
115,166,167,0
115,166,167,0
115,166,167,0
115,166,167,0
115,166,167,0
115,166,167,0
115,166,167,0
115,166,167,0
115,166,167,0
115,166,167,0
115,166,167,0
115,166,167,0
115,166,167,0
115,166,167,0
115,166,167,0
115,166,167,0
115,166,167,0
115,166,167,0
115,166,167,0
115,166,167,0
115,166,167,0
115,166,167,0
115,166,167,0
115,166,167,0
115,166,167,0
115,166,167,0
115,166,167,0
115,166,167,0
255,255,255,0
158,198,198,0
158,198,198,0
158,198,198,0
158,198,198,0
158,198,198,0
158,198,198,0
158,198,198,0
158,198,198,0
158,198,198,0
158,198,198,0
158,198,198,0
158,198,198,0
158,198,198,0
158,198,198,0
158,198,198,0
157,197,197,0
157,197,197,0
157,197,197,0
157,197,197,0
157,197,197,0
157,197,197,0
157,197,197,0
157,197,197,0
158,198,198,0
158,198,198,0
158,198,198,0
158,198,198,0
158,198,198,0
158,198,198,0
158,198,198,0
157,198,202,0
156,200,209,0
169,196,203,0
193,179,176,0
209,157,146,0
229,139,130,0
245,133,129,0
247,131,134,0
247,127,136,0
244,127,133,0
245,131,131,0
246,134,123,0
246,132,122,0
250,127,130,0
226,145,152,0
175,184,183,0
156,205,202,0
156,198,197,0
157,197,197,0
157,197,197,0
157,197,197,0
157,197,197,0
157,197,197,0
157,197,197,0
157,197,197,0
157,197,197,0
157,197,197,0
157,197,197,0
157,197,197,0
157,197,197,0
157,197,197,0
157,197,197,0
157,197,197,0
158,198,198,0
157,197,197,0
157,197,197,0
158,198,198,0
158,198,198,0
157,197,197,0
154,194,194,0
152,192,192,0
153,193,193,0
153,193,193,0
153,193,193,0
153,193,193,0
153,193,193,0
153,193,193,0
153,193,193,0
153,193,193,0
154,192,193,0
154,192,193,0
154,192,193,0
154,192,193,0
154,192,193,0
154,192,193,0
154,192,193,0
154,192,193,0
154,192,193,0
154,192,193,0
154,192,193,0
154,192,193,0
154,192,193,0
154,192,193,0
154,192,193,0
154,192,193,0
152,192,192,0
152,192,192,0
152,192,192,0
152,192,192,0
152,192,192,0
152,192,192,0
152,192,192,0
152,192,192,0
152,192,192,0
152,192,192,0
152,192,192,0
152,192,192,0
152,192,192,0
152,192,192,0
152,192,192,0
152,192,192,0
153,195,194,0
154,196,195,0
152,194,193,0
151,193,192,0
153,194,196,0
153,194,196,0
146,190,191,0
138,182,183,0
122,166,167,0
121,167,167,0
116,164,166,0
111,159,161,0
106,156,157,0
106,156,157,0
107,158,159,0
108,159,160,0
108,159,160,0
108,159,160,0
108,159,160,0
108,159,160,0
109,160,161,0
109,160,161,0
109,160,161,0
109,160,161,0
110,161,162,0
110,161,162,0
110,161,162,0
110,161,162,0
111,162,163,0
111,162,163,0
111,162,163,0
111,162,163,0
113,163,164,0
113,163,164,0
113,163,164,0
113,163,164,0
114,164,165,0
114,164,165,0
114,164,165,0
114,164,165,0
114,164,165,0
114,164,165,0
114,164,165,0
114,164,165,0
115,165,166,0
115,165,166,0
115,165,166,0
115,165,166,0
115,165,166,0
116,166,167,0
118,166,168,0
119,167,169,0
118,166,168,0
118,166,168,0
119,167,169,0
119,167,169,0
119,167,169,0
121,169,171,0
127,172,175,0
132,177,180,0
135,180,183,0
137,182,185,0
136,181,184,0
134,179,182,0
138,182,183,0
138,182,183,0
138,182,183,0
139,183,184,0
139,183,184,0
139,183,184,0
139,183,184,0
139,183,184,0
139,183,184,0
139,183,184,0
139,183,184,0
139,183,184,0
139,183,184,0
139,183,184,0
139,183,184,0
139,183,184,0
138,182,183,0
138,182,183,0
139,183,184,0
139,183,184,0
139,183,184,0
139,183,184,0
139,183,184,0
139,183,184,0
141,185,186,0
141,185,186,0
141,185,186,0
141,185,186,0
141,185,186,0
141,185,186,0
141,185,186,0
141,185,186,0
145,187,186,0
145,187,186,0
144,186,185,0
145,187,186,0
146,187,189,0
145,186,188,0
142,186,187,0
141,185,186,0
133,177,178,0
133,177,178,0
133,177,180,0
133,177,180,0
132,177,180,0
132,177,180,0
132,177,180,0
132,177,180,0
133,177,178,0
133,177,178,0
133,177,178,0
133,177,178,0
133,177,178,0
133,177,178,0
133,177,178,0
133,177,178,0
134,178,179,0
134,178,179,0
134,178,179,0
134,178,179,0
135,179,180,0
135,179,180,0
135,179,180,0
135,179,180,0
136,177,181,0
137,178,182,0
134,178,181,0
132,177,180,0
128,176,176,0
126,176,175,0
127,177,176,0
128,178,177,0
124,172,172,0
136,182,180,0
139,181,180,0
136,174,175,0
141,175,177,0
127,157,159,0
66,91,95,0
0,23,25,0
0,11,12,0
0,7,7,0
19,35,35,0
0,8,9,0
0,14,15,0
8,19,21,0
3,14,16,0
4,14,16,0
5,15,17,0
5,15,17,0
4,15,17,0
4,15,17,0
2,16,17,0
2,18,18,0
2,18,18,0
0,18,18,0
4,19,22,0
4,19,22,0
4,19,22,0
3,18,21,0
3,18,21,0
3,18,21,0
3,18,21,0
2,17,20,0
1,16,19,0
1,16,19,0
1,16,19,0
2,17,20,0
3,18,21,0
4,19,22,0
5,20,23,0
3,21,23,0
6,25,29,0
5,26,29,0
5,26,29,0
5,26,29,0
4,28,30,0
4,28,30,0
3,29,30,0
3,29,30,0
5,31,32,0
5,31,32,0
3,31,32,0
2,30,31,0
3,31,32,0
3,31,32,0
2,32,32,0
3,33,33,0
5,36,38,0
0,34,34,0
0,36,36,0
72,118,116,0
94,146,144,0
94,150,149,0
78,136,137,0
91,151,151,0
89,147,149,0
92,147,150,0
93,146,150,0
94,147,151,0
97,148,151,0
98,149,152,0
98,149,152,0
96,150,152,0
97,153,154,0
97,153,154,0
98,154,155,0
99,155,156,0
100,154,156,0
101,155,157,0
102,156,158,0
102,156,158,0
102,156,158,0
103,157,159,0
105,156,159,0
106,157,160,0
107,158,161,0
108,159,162,0
108,159,162,0
108,159,162,0
109,160,163,0
109,160,163,0
110,161,164,0
110,161,164,0
111,162,165,0
112,163,166,0
113,164,167,0
113,164,167,0
113,162,166,0
113,162,166,0
114,163,167,0
115,164,168,0
116,165,169,0
117,166,170,0
118,167,171,0
120,168,172,0
120,165,170,0
121,166,171,0
122,167,172,0
123,168,173,0
125,170,175,0
127,172,177,0
128,173,178,0
129,174,179,0
130,175,180,0
132,177,182,0
134,179,184,0
136,181,186,0
136,181,186,0
135,180,185,0
134,179,184,0
133,178,183,0
136,180,183,0
136,180,183,0
136,180,183,0
136,180,183,0
136,180,183,0
136,180,183,0
136,180,183,0
136,180,183,0
136,180,183,0
136,180,183,0
136,180,183,0
136,180,183,0
136,180,183,0
136,180,183,0
136,180,183,0
136,180,183,0
135,179,182,0
136,180,183,0
136,180,183,0
136,180,183,0
136,180,183,0
136,180,183,0
136,180,183,0
135,179,182,0
135,179,182,0
135,179,182,0
135,179,182,0
135,179,182,0
135,179,182,0
135,179,182,0
135,179,182,0
135,179,182,0
135,179,182,0
135,179,182,0
135,179,182,0
135,179,182,0
135,179,182,0
135,179,182,0
135,179,182,0
135,179,182,0
135,179,182,0
135,179,182,0
135,179,182,0
135,179,182,0
135,179,182,0
135,179,182,0
135,179,182,0
135,179,182,0
135,179,182,0
135,179,182,0
135,179,182,0
135,179,182,0
135,179,182,0
135,179,182,0
135,179,182,0
135,179,182,0
134,178,181,0
134,178,181,0
134,178,181,0
134,178,181,0
134,178,181,0
134,178,181,0
134,178,181,0
134,178,181,0
135,179,182,0
135,179,182,0
135,179,182,0
135,179,182,0
135,179,182,0
135,179,182,0
135,179,182,0
135,179,182,0
135,179,182,0
135,179,182,0
135,179,182,0
135,179,182,0
135,179,182,0
135,179,182,0
135,179,182,0
135,179,182,0
136,177,181,0
136,177,181,0
136,177,181,0
135,179,182,0
135,179,182,0
135,179,182,0
135,179,182,0
135,179,182,0
135,179,182,0
136,180,183,0
136,180,183,0
136,180,183,0
137,181,184,0
136,181,184,0
137,181,184,0
136,181,184,0
133,181,183,0
130,180,181,0
126,176,177,0
123,173,174,0
120,170,171,0
119,169,170,0
119,169,170,0
119,169,170,0
120,170,171,0
120,170,171,0
120,170,171,0
120,170,171,0
120,170,171,0
120,170,171,0
120,170,171,0
120,170,171,0
119,170,171,0
119,170,171,0
119,170,171,0
119,170,171,0
119,170,171,0
119,170,171,0
119,170,171,0
119,170,171,0
119,170,171,0
119,170,171,0
119,170,171,0
119,170,171,0
119,170,171,0
119,170,171,0
119,170,171,0
119,170,171,0
119,170,171,0
119,170,171,0
119,170,171,0
119,170,171,0
119,170,171,0
119,170,171,0
119,170,171,0
119,170,171,0
119,170,171,0
119,170,171,0
119,170,171,0
119,170,171,0
119,170,171,0
119,170,171,0
119,170,171,0
119,170,171,0
119,170,171,0
119,170,171,0
119,170,171,0
119,170,171,0
119,170,171,0
119,170,171,0
119,170,171,0
119,170,171,0
119,170,171,0
117,168,169,0
115,166,167,0
115,166,167,0
116,167,168,0
116,167,168,0
115,166,167,0
113,164,165,0
115,166,167,0
115,166,167,0
115,166,167,0
115,166,167,0
115,166,167,0
115,166,167,0
115,166,167,0
115,166,167,0
115,166,167,0
115,166,167,0
115,166,167,0
115,166,167,0
115,166,167,0
115,166,167,0
115,166,167,0
115,166,167,0
115,166,167,0
115,166,167,0
115,166,167,0
115,166,167,0
115,166,167,0
115,166,167,0
115,166,167,0
115,166,167,0
115,166,167,0
115,166,167,0
115,166,167,0
115,166,167,0
115,166,167,0
115,166,167,0
115,166,167,0
255,255,255,0
158,198,198,0
158,198,198,0
158,198,198,0
158,198,198,0
158,198,198,0
158,198,198,0
158,198,198,0
158,198,198,0
158,198,198,0
158,198,198,0
158,198,198,0
158,198,198,0
158,198,198,0
158,198,198,0
158,198,198,0
157,197,197,0
157,197,197,0
157,197,197,0
157,197,197,0
157,197,197,0
157,197,197,0
157,197,197,0
157,197,197,0
158,198,198,0
158,198,198,0
158,198,198,0
158,198,198,0
158,198,198,0
158,198,198,0
158,198,198,0
155,199,202,0
150,197,205,0
165,194,200,0
191,178,172,0
209,157,146,0
229,142,133,0
246,136,135,0
252,132,142,0
250,125,141,0
254,132,147,0
250,133,139,0
244,137,127,0
243,135,123,0
255,129,133,0
232,145,153,0
174,184,183,0
151,203,199,0
154,198,197,0
157,197,197,0
157,197,197,0
157,197,197,0
157,197,197,0
157,197,197,0
157,197,197,0
157,197,197,0
157,197,197,0
157,197,197,0
157,197,197,0
157,197,197,0
157,197,197,0
157,197,197,0
157,197,197,0
157,197,197,0
158,198,198,0
157,197,197,0
157,197,197,0
158,198,198,0
158,198,198,0
157,197,197,0
154,194,194,0
152,192,192,0
153,193,193,0
153,193,193,0
153,193,193,0
153,193,193,0
153,193,193,0
153,193,193,0
153,193,193,0
153,193,193,0
154,192,193,0
154,192,193,0
154,192,193,0
154,192,193,0
154,192,193,0
154,192,193,0
154,192,193,0
154,192,193,0
154,192,193,0
154,192,193,0
154,192,193,0
154,192,193,0
154,192,193,0
154,192,193,0
154,192,193,0
154,192,193,0
152,192,192,0
152,192,192,0
152,192,192,0
152,192,192,0
152,192,192,0
152,192,192,0
152,192,192,0
152,192,192,0
152,192,192,0
152,192,192,0
152,192,192,0
152,192,192,0
152,192,192,0
152,192,192,0
152,192,192,0
152,192,192,0
154,196,195,0
154,196,195,0
152,194,193,0
150,192,191,0
152,193,195,0
150,194,195,0
142,186,187,0
132,178,178,0
119,165,165,0
119,167,167,0
116,164,166,0
110,158,160,0
105,155,156,0
108,158,159,0
109,160,161,0
109,160,161,0
109,160,161,0
109,160,161,0
110,161,162,0
110,161,162,0
110,161,162,0
110,161,162,0
110,161,162,0
110,161,162,0
111,162,163,0
111,162,163,0
111,162,163,0
111,162,163,0
111,162,163,0
111,162,163,0
112,163,164,0
112,163,164,0
113,163,164,0
114,164,165,0
114,164,165,0
114,164,165,0
114,164,165,0
114,164,165,0
114,164,165,0
114,164,165,0
115,165,166,0
115,165,166,0
115,165,166,0
116,166,167,0
116,166,167,0
116,166,167,0
116,166,167,0
116,166,167,0
116,166,167,0
117,167,168,0
119,167,169,0
119,167,169,0
119,167,169,0
119,167,169,0
120,168,170,0
121,169,171,0
117,165,167,0
119,167,169,0
124,169,172,0
130,175,178,0
135,180,183,0
137,182,185,0
136,181,184,0
133,178,181,0
139,183,184,0
139,183,184,0
139,183,184,0
139,183,184,0
139,183,184,0
139,183,184,0
140,184,185,0
140,184,185,0
139,183,184,0
139,183,184,0
139,183,184,0
139,183,184,0
139,183,184,0
139,183,184,0
139,183,184,0
139,183,184,0
138,182,183,0
138,182,183,0
139,183,184,0
139,183,184,0
139,183,184,0
139,183,184,0
139,183,184,0
139,183,184,0
142,186,187,0
142,186,187,0
142,186,187,0
142,186,187,0
142,186,187,0
142,186,187,0
142,186,187,0
142,186,187,0
145,187,186,0
145,187,186,0
144,186,185,0
145,187,186,0
146,187,189,0
145,186,188,0
142,186,187,0
141,185,186,0
133,177,178,0
133,177,178,0
133,177,180,0
133,177,180,0
132,177,180,0
132,177,180,0
132,177,180,0
132,177,180,0
133,177,178,0
133,177,178,0
133,177,178,0
133,177,178,0
133,177,178,0
133,177,178,0
133,177,178,0
133,177,178,0
134,178,179,0
134,178,179,0
134,178,179,0
134,178,179,0
135,179,180,0
135,179,180,0
135,179,180,0
135,179,180,0
137,176,181,0
137,178,182,0
136,177,181,0
132,178,178,0
128,176,176,0
127,177,176,0
127,177,176,0
129,179,176,0
133,182,179,0
133,177,176,0
132,172,172,0
149,185,185,0
139,169,171,0
60,85,89,0
0,15,20,0
0,15,19,0
3,18,21,0
0,9,10,0
0,7,8,0
7,18,20,0
0,6,8,0
4,15,17,0
0,5,7,0
8,18,20,0
5,15,17,0
4,15,17,0
4,15,17,0
2,16,17,0
1,17,17,0
2,18,18,0
0,18,18,0
0,18,18,0
4,19,22,0
4,19,22,0
4,19,22,0
3,18,21,0
3,18,21,0
3,18,21,0
2,17,20,0
2,17,20,0
1,16,19,0
1,16,19,0
0,15,18,0
0,15,18,0
1,16,19,0
2,17,20,0
4,19,22,0
2,20,22,0
6,25,29,0
5,26,29,0
5,26,29,0
5,26,29,0
6,27,30,0
4,28,30,0
4,28,30,0
3,29,30,0
5,31,32,0
5,31,32,0
4,30,31,0
1,29,30,0
1,29,30,0
1,29,30,0
1,29,30,0
0,30,30,0
0,34,35,0
0,34,33,0
1,43,42,0
77,125,125,0
95,149,149,0
87,146,144,0
76,136,136,0
86,146,146,0
89,147,149,0
90,148,150,0
93,146,150,0
94,147,151,0
97,148,151,0
95,149,151,0
96,150,152,0
96,150,152,0
97,153,154,0
97,153,154,0
98,154,155,0
99,155,156,0
100,154,156,0
101,155,157,0
102,156,158,0
102,156,158,0
102,156,158,0
103,157,159,0
105,156,159,0
106,157,160,0
107,158,161,0
107,158,161,0
108,159,162,0
108,159,162,0
109,160,163,0
109,160,163,0
108,159,162,0
108,159,162,0
109,160,163,0
110,161,164,0
111,162,165,0
111,162,165,0
111,160,164,0
112,161,165,0
113,162,166,0
114,163,167,0
116,165,169,0
117,166,170,0
118,167,171,0
119,168,172,0
118,166,170,0
120,165,170,0
120,165,170,0
121,166,171,0
122,167,172,0
123,168,173,0
125,170,175,0
126,171,176,0
127,172,177,0
128,173,178,0
131,176,181,0
134,179,184,0
135,180,185,0
135,180,185,0
134,179,184,0
133,178,183,0
136,180,183,0
136,180,183,0
136,180,183,0
136,180,183,0
136,180,183,0
136,180,183,0
136,180,183,0
136,180,183,0
136,180,183,0
136,180,183,0
136,180,183,0
136,180,183,0
136,180,183,0
136,180,183,0
136,180,183,0
136,180,183,0
135,179,182,0
136,180,183,0
136,180,183,0
136,180,183,0
136,180,183,0
136,180,183,0
136,180,183,0
135,179,182,0
135,179,182,0
135,179,182,0
135,179,182,0
135,179,182,0
135,179,182,0
135,179,182,0
135,179,182,0
135,179,182,0
135,179,182,0
135,179,182,0
135,179,182,0
135,179,182,0
135,179,182,0
135,179,182,0
135,179,182,0
135,179,182,0
135,179,182,0
135,179,182,0
135,179,182,0
135,179,182,0
135,179,182,0
135,179,182,0
135,179,182,0
135,179,182,0
135,179,182,0
135,179,182,0
135,179,182,0
135,179,182,0
135,179,182,0
135,179,182,0
135,179,182,0
135,179,182,0
134,178,181,0
134,178,181,0
134,178,181,0
134,178,181,0
134,178,181,0
134,178,181,0
134,178,181,0
134,178,181,0
135,179,182,0
135,179,182,0
135,179,182,0
135,179,182,0
135,179,182,0
135,179,182,0
135,179,182,0
135,179,182,0
135,179,182,0
135,179,182,0
135,179,182,0
135,179,182,0
135,179,182,0
135,179,182,0
135,179,182,0
135,179,182,0
135,176,180,0
135,176,180,0
135,176,180,0
136,177,181,0
134,178,181,0
134,178,181,0
134,178,181,0
134,178,181,0
137,181,184,0
136,180,183,0
135,179,182,0
134,178,181,0
135,179,182,0
136,180,183,0
137,181,184,0
